timestamp,graph_nodes,graph_edges,insertion_time_nodes,insertion_time_edges
2026-06-10T21:17:38.213508,35736,126083,512,358
2026-06-10T21:20:57.056993,35736,126083,13,43
2026-06-10T21:24:34.108157,35739,126083,138,288
2026-06-10T21:28:07.022298,35739,126087,49,204
2026-06-10T21:31:39.835169,35739,126087,10,99
2026-06-10T21:35:13.048474,35739,126087,12,182
2026-06-10T21:38:46.055408,35739,126087,18,190
2026-06-10T21:42:18.858088,35739,126087,9,105
2026-06-10T21:45:51.908889,35739,126087,9,120
2026-06-10T21:49:25.323669,35739,126087,27,288
2026-06-10T21:52:58.463493,35739,126087,23,371
2026-06-10T21:56:31.076583,35739,126087,48,164
2026-06-10T22:00:04.282787,35739,126087,17,268
2026-06-10T22:03:37.239541,35739,126087,49,264
2026-06-10T22:07:10.218335,35739,126087,21,300
2026-06-10T22:10:43.463456,35739,126087,25,422
2026-06-10T22:14:16.562437,35739,126087,26,355
2026-06-10T22:17:50.965777,35739,126089,27,831
2026-06-10T22:21:22.297273,35739,126089,18,186
2026-06-10T22:24:55.584808,35739,126089,22,403
2026-06-10T22:28:28.481048,35739,126089,136,293
2026-06-10T22:32:01.443156,35739,126089,17,296
2026-06-10T22:35:34.512467,35739,126089,21,358
2026-06-10T22:39:07.622751,35739,126089,23,369
2026-06-10T22:42:40.229717,35739,126089,13,1
2026-06-10T22:46:13.005856,35739,126089,9,0
2026-06-10T22:49:46.023914,35740,126089,14,0
2026-06-10T22:53:27.284884,35742,126089,66,436
2026-06-10T22:57:04.667708,35743,126093,29,120
2026-06-10T23:00:38.265132,35743,126096,44,1
2026-06-10T23:04:11.329420,35743,126096,31,394
2026-06-10T23:07:43.864502,35744,126096,49,0
2026-06-10T23:11:16.795217,35744,126096,13,0
2026-06-10T23:14:57.415722,35745,126096,111,518
2026-06-10T23:18:30.529689,35745,126102,16,247
2026-06-10T23:22:03.130726,35745,126102,18,234
2026-06-10T23:25:37.381790,35746,126102,9,1541
2026-06-10T23:29:08.776487,35748,126103,8,0
2026-06-10T23:32:43.014613,35748,126108,26,405
2026-06-10T23:36:23.479884,35749,126109,92,325
2026-06-10T23:39:55.990192,35750,126112,13,1
2026-06-10T23:43:29.031099,35750,126112,12,0
2026-06-10T23:47:07.939191,35751,126112,48,260
2026-06-10T23:50:50.014845,35755,126115,181,781
2026-06-10T23:54:22.133022,35755,126124,22,226
2026-06-10T23:58:03.497663,35756,126124,370,2137
2026-06-11T00:01:41.122624,35757,126149,37,213
2026-06-11T00:05:15.525730,35757,126157,364,307
2026-06-11T00:08:47.163641,35758,126157,18,0
2026-06-11T00:12:20.160574,35759,126157,9,0
2026-06-11T00:15:53.401441,35759,126157,19,157
2026-06-11T00:19:26.098978,35760,126157,8,1
2026-06-11T00:23:00.158983,35761,126157,20,592
2026-06-11T00:26:39.580986,35762,126167,35,162
2026-06-11T00:30:12.647334,35762,126169,15,220
2026-06-11T00:33:51.305680,35763,126169,87,440
2026-06-11T00:37:25.830120,35764,126179,87,679
2026-06-11T00:40:57.546601,35765,126189,31,319
2026-06-11T00:44:30.101040,35766,126192,14,74
2026-06-11T00:48:03.243638,35767,126193,13,232
2026-06-11T00:51:43.622683,35768,126196,79,533
2026-06-11T00:55:21.298657,35769,126203,29,218
2026-06-11T00:59:00.462082,35770,126206,79,528
2026-06-11T01:02:33.171122,35770,126212,12,230
2026-06-11T01:06:06.546275,35771,126216,63,0
2026-06-11T01:09:39.422560,35772,126216,18,223
2026-06-11T01:13:20.888940,35773,126218,66,376
2026-06-11T01:16:53.828009,35773,126223,13,212
2026-06-11T01:20:33.712428,35774,126223,63,448
2026-06-11T01:24:12.771609,35775,126228,30,204
2026-06-11T01:27:45.903513,35776,126232,12,198
2026-06-11T01:31:24.545508,35777,126235,92,599
2026-06-11T01:34:57.327418,35777,126245,8,273
2026-06-11T01:38:37.506023,35778,126245,84,218
2026-06-11T01:42:10.489975,35778,126248,11,161
2026-06-11T01:45:43.328635,35778,126248,11,168
2026-06-11T01:49:21.880623,35780,126248,82,592
2026-06-11T01:52:54.271510,35780,126254,13,0
2026-06-11T01:56:33.383681,35781,126254,144,837
2026-06-11T02:00:15.401482,35782,126264,605,3389
2026-06-11T02:03:46.862521,35783,126309,16,61
2026-06-11T02:07:31.046579,35784,126311,429,2740
2026-06-11T02:11:05.442024,35785,126345,32,140
2026-06-11T02:14:38.646964,35786,126347,16,186
2026-06-11T02:18:17.768152,35789,126350,169,934
2026-06-11T02:21:56.500204,35790,126363,244,1344
2026-06-11T02:25:32.933016,35791,126381,39,202
2026-06-11T02:29:11.256143,35792,126384,30,161
2026-06-11T02:32:44.451653,35793,126386,12,216
2026-06-11T02:36:18.285634,35794,126391,78,296
2026-06-11T02:39:57.953217,35795,126394,75,371
2026-06-11T02:43:30.716906,35795,126400,13,75
2026-06-11T02:47:03.570584,35796,126400,9,61
2026-06-11T02:50:36.572851,35797,126401,14,75
2026-06-11T02:54:10.315134,35798,126402,8,775
2026-06-11T02:57:42.637439,35798,126406,8,142
2026-06-11T03:01:15.547511,35798,126409,4,77
2026-06-11T03:04:56.813009,35799,126409,203,347
2026-06-11T03:08:28.989139,35800,126415,9,0
2026-06-11T03:12:02.327010,35800,126415,14,200
2026-06-11T03:15:34.974473,35800,126415,10,0
2026-06-11T03:19:12.612140,35801,126415,34,222
2026-06-11T03:22:45.700923,35801,126419,12,107
2026-06-11T03:26:18.709678,35802,126419,11,154
2026-06-11T03:29:55.244241,35803,126425,27,160
2026-06-11T03:33:28.789910,35803,126430,65,0
2026-06-11T03:37:01.209227,35803,126430,8,1
2026-06-11T03:40:42.566894,35804,126430,182,582
2026-06-11T03:44:15.349035,35805,126438,18,484
2026-06-11T03:47:47.834727,35806,126446,12,152
2026-06-11T03:51:20.727747,35807,126448,11,68
2026-06-11T03:54:59.786011,35808,126449,46,407
2026-06-11T03:58:34.396552,35809,126454,16,1900
2026-06-11T04:02:08.890593,35810,126460,55,119
2026-06-11T04:05:49.711919,35811,126463,116,417
2026-06-11T04:09:22.544183,35811,126468,21,237
2026-06-11T04:12:55.532101,35812,126468,15,214
2026-06-11T04:16:36.616552,35813,126471,332,2859
2026-06-11T04:20:06.617656,35814,126496,18,303
2026-06-11T04:23:45.190093,35815,126500,91,581
2026-06-11T04:27:23.683515,35818,126508,124,783
2026-06-11T04:30:56.127306,35819,126518,12,340
2026-06-11T04:34:28.623614,35820,126526,6,0
2026-06-11T04:38:10.941860,35821,126526,329,428
2026-06-11T04:41:47.474160,35822,126531,43,270
2026-06-11T04:45:20.346113,35823,126534,20,139
2026-06-11T04:48:53.214883,35823,126536,10,0
2026-06-11T04:52:26.262923,35823,126536,11,0
2026-06-11T04:56:04.759613,35824,126536,51,339
2026-06-11T04:59:43.038159,35825,126541,40,311
2026-06-11T05:03:24.902787,35826,126549,221,634
2026-06-11T05:06:56.866733,35826,126557,19,301
2026-06-11T05:10:30.752549,35826,126557,14,1177
2026-06-11T05:14:03.459852,35827,126557,30,526
2026-06-11T05:17:35.464465,35828,126564,7,0
2026-06-11T05:21:16.011716,35829,126564,48,338
2026-06-11T05:24:53.940292,35830,126569,24,102
2026-06-11T05:28:32.460770,35831,126571,83,350
2026-06-11T05:32:15.227405,35832,126576,656,3623
2026-06-11T05:35:51.559767,35833,126631,205,258
2026-06-11T05:39:24.101978,35833,126634,17,250
2026-06-11T05:42:56.651013,35833,126634,16,0
2026-06-11T05:46:30.092523,35834,126634,17,290
2026-06-11T05:50:07.554169,35835,126638,27,275
2026-06-11T05:53:40.331481,35835,126641,13,59
2026-06-11T05:57:13.700726,35836,126641,16,299
2026-06-11T06:00:46.199677,35837,126647,5,0
2026-06-11T06:04:20.024899,35838,126647,36,327
2026-06-11T06:07:53.116434,35839,126650,15,649
2026-06-11T06:11:32.787442,35840,126655,82,360
2026-06-11T06:15:12.437731,35841,126661,86,458
2026-06-11T06:18:45.325830,35842,126667,10,76
2026-06-11T06:22:17.870996,35842,126668,10,0
2026-06-11T06:25:50.930348,35842,126668,11,1
2026-06-11T06:29:24.209439,35842,126668,12,226
2026-06-11T06:32:58.638309,35843,126672,110,266
2026-06-11T06:36:30.367744,35844,126675,17,210
2026-06-11T06:40:03.090224,35845,126678,13,67
2026-06-11T06:43:36.089472,35845,126679,15,79
2026-06-11T06:47:08.988667,35845,126679,13,0
2026-06-11T06:50:42.133795,35846,126679,10,144
2026-06-11T06:54:22.322203,35847,126681,30,239
2026-06-11T06:57:55.185765,35847,126684,13,66
2026-06-11T07:01:31.416277,35848,126687,34,129
2026-06-11T07:05:04.357773,35848,126691,6,38
2026-06-11T07:12:10.865618,35850,126691,26,234
2026-06-11T07:15:50.829960,35851,126694,43,258
2026-06-11T07:19:24.226000,35851,126697,16,354
2026-06-11T07:23:02.292768,35852,126699,57,325
2026-06-11T07:26:40.920473,35853,126704,43,242
2026-06-11T07:30:14.102530,35855,126707,13,267
2026-06-11T07:33:47.024648,35856,126710,16,245
2026-06-11T07:37:20.348962,35857,126719,48,202
2026-06-11T07:40:52.962422,35857,126725,14,76
2026-06-11T07:44:33.729425,35858,126725,97,492
2026-06-11T07:48:06.251166,35858,126732,10,72
2026-06-11T07:51:44.613148,35859,126732,46,283
2026-06-11T07:55:22.513546,35860,126736,37,219
2026-06-11T07:59:01.248105,35861,126739,95,446
2026-06-11T08:02:33.773140,35861,126746,11,0
2026-06-11T08:06:06.748971,35861,126746,8,0
2026-06-11T08:09:39.947256,35861,126748,13,103
2026-06-11T08:13:12.878311,35861,126748,10,114
2026-06-11T08:16:46.927336,35861,126748,16,966
2026-06-11T08:20:18.916095,35861,126748,13,0
2026-06-11T08:23:51.827778,35861,126748,33,1
2026-06-11T08:27:24.908333,35861,126748,13,0
2026-06-11T08:30:57.764704,35861,126753,5,0
2026-06-11T08:34:30.770945,35861,126753,5,0
2026-06-11T08:38:05.476748,35862,126753,132,244
2026-06-11T08:41:37.434500,35862,126754,20,259
2026-06-11T08:45:09.934471,35863,126754,10,0
2026-06-11T08:48:43.688938,35864,126754,10,738
2026-06-11T08:52:15.880199,35864,126759,4,0
2026-06-11T08:55:48.881521,35864,126759,4,0
2026-06-11T08:59:21.974223,35864,126759,7,0
2026-06-11T09:02:54.953825,35864,126759,4,0
2026-06-11T09:06:28.276396,35864,126759,17,110
2026-06-11T09:10:01.232081,35864,126759,18,99
2026-06-11T09:13:38.094198,35866,126760,65,302
2026-06-11T09:17:10.879888,35866,126769,5,173
2026-06-11T09:20:46.992435,35867,126769,18,97
2026-06-11T09:24:19.957851,35867,126772,5,0
2026-06-11T09:27:52.963201,35867,126772,3,0
2026-06-11T09:31:29.741622,35868,126772,31,165
2026-06-11T09:35:04.643864,35868,126777,112,314
2026-06-11T09:38:35.889353,35868,126777,7,0
2026-06-11T09:42:08.823361,35868,126777,11,0
2026-06-11T09:45:42.286626,35868,126777,20,333
2026-06-11T09:49:15.001673,35869,126777,45,0
2026-06-11T09:52:47.847543,35869,126777,8,0
2026-06-11T09:56:20.854712,35870,126777,10,0
2026-06-11T09:59:54.600270,35870,126782,58,1
2026-06-11T10:03:27.022288,35871,126782,26,0
2026-06-11T10:07:00.021916,35871,126782,8,0
2026-06-11T10:10:32.956792,35872,126782,8,1
2026-06-11T10:14:05.987920,35872,126782,14,0
2026-06-11T10:17:38.976502,35873,126782,9,0
2026-06-11T10:21:11.909520,35873,126782,7,0
2026-06-11T10:24:44.929718,35874,126782,7,0
2026-06-11T10:28:17.977745,35874,126786,4,67
2026-06-11T10:31:52.256937,35874,126786,153,0
2026-06-11T10:35:24.018371,35874,126788,8,1
2026-06-11T10:38:57.105819,35874,126788,17,0
2026-06-11T10:42:29.993322,35874,126788,4,0
2026-06-11T10:46:06.870448,35875,126788,24,128
2026-06-11T10:49:43.957178,35877,126792,140,736
2026-06-11T10:53:16.095401,35877,126814,8,90
2026-06-11T10:56:52.723783,35878,126814,23,130
2026-06-11T11:00:26.088207,35878,126818,6,238
2026-06-11T11:04:00.069418,35878,126818,54,293
2026-06-11T11:07:39.138299,35879,126818,68,236
2026-06-11T11:11:12.166287,35880,126821,17,149
2026-06-11T11:14:50.541911,35881,126823,49,454
2026-06-11T11:18:23.543917,35881,126829,19,340
2026-06-11T11:22:01.607054,35882,126829,56,360
2026-06-11T11:25:34.515306,35882,126834,9,147
2026-06-11T11:29:08.293469,35882,126834,36,445
2026-06-11T11:32:41.179013,35883,126838,80,145
2026-06-11T11:36:13.730795,35884,126839,23,151
2026-06-11T11:39:46.349563,35885,126841,10,0
2026-06-11T11:43:19.532693,35886,126841,10,150
2026-06-11T11:46:59.839642,35887,126843,57,255
2026-06-11T11:50:38.123555,35889,126847,79,545
2026-06-11T11:54:10.576358,35889,126854,17,0
2026-06-11T11:57:49.044276,35890,126854,35,192
2026-06-11T12:01:22.001151,35890,126861,7,67
2026-06-11T12:04:55.012945,35890,126861,8,74
2026-06-11T12:08:37.291720,35891,126861,388,1258
2026-06-11T12:12:08.162672,35892,126878,15,195
2026-06-11T12:15:40.791658,35892,126881,11,0
2026-06-11T12:19:13.730335,35892,126881,10,0
2026-06-11T12:22:47.050420,35893,126881,14,237
2026-06-11T12:26:19.742316,35894,126884,8,0
2026-06-11T12:29:52.810661,35894,126884,10,0
2026-06-11T12:33:33.414918,35895,126884,60,315
2026-06-11T12:37:06.019015,35895,126889,9,1
2026-06-11T12:40:47.313472,35896,126907,167,242
2026-06-11T12:44:24.932390,35897,126910,60,137
2026-06-11T12:47:57.951168,35898,126912,15,80
2026-06-11T12:51:30.833487,35898,126913,11,81
2026-06-11T12:55:03.890122,35898,126913,9,87
2026-06-11T12:58:36.828777,35898,126913,8,89
2026-06-11T13:02:09.721555,35898,126913,10,0
2026-06-11T13:05:43.552902,35899,126913,15,285
2026-06-11T13:09:16.394350,35900,126923,32,186
2026-06-11T13:12:56.398036,35901,126925,36,211
2026-06-11T13:16:29.714290,35901,126929,17,275
2026-06-11T13:20:02.212379,35901,126929,10,0
2026-06-11T13:23:42.385423,35902,126929,30,179
2026-06-11T13:27:15.544089,35902,126932,15,172
2026-06-11T13:30:51.927912,35903,126936,14,95
2026-06-11T13:34:25.247914,35903,126939,14,182
2026-06-11T13:38:05.931492,35905,126939,121,262
2026-06-11T13:41:46.041608,35906,126942,224,1493
2026-06-11T13:45:16.703880,35907,126959,22,260
2026-06-11T13:48:49.829054,35907,126962,20,257
2026-06-11T13:52:23.038278,35907,126962,12,632
2026-06-11T13:56:01.638517,35908,126962,117,790
2026-06-11T13:59:34.234758,35908,126971,15,163
2026-06-11T14:03:11.075537,35913,126975,72,441
2026-06-11T14:06:44.671402,35913,126987,40,229
2026-06-11T14:10:17.113610,35913,126987,15,275
2026-06-11T14:13:57.644249,35914,126987,90,525
2026-06-11T14:17:30.551301,35914,126993,21,251
2026-06-11T14:21:08.779443,35915,126993,65,377
2026-06-11T14:24:42.333886,35917,126998,13,801
2026-06-11T14:28:14.425418,35917,127004,15,1
2026-06-11T14:31:51.203796,35918,127006,13,70
2026-06-11T14:36:17.360699,35935,127008,5007,40312
2026-06-11T14:39:08.747953,35936,127632,33,193
2026-06-11T14:42:41.290518,35937,127635,9,0
2026-06-11T14:46:14.094915,35937,127635,8,0
2026-06-11T14:49:55.071230,35938,127635,37,237
2026-06-11T14:53:28.051059,35938,127638,13,202
2026-06-11T14:57:01.332657,35938,127638,14,430
2026-06-11T15:00:39.366623,35939,127638,53,359
2026-06-11T15:04:15.658048,35940,127647,15,65
2026-06-11T15:07:56.522782,35941,127649,88,142
2026-06-11T15:11:34.938315,35942,127651,104,567
2026-06-11T15:15:14.245126,35943,127659,211,1022
2026-06-11T15:18:46.056153,35943,127673,26,106
2026-06-11T15:22:19.383462,35944,127673,15,224
2026-06-11T15:25:52.203018,35945,127676,16,169
2026-06-11T15:29:32.877324,35946,127679,125,669
2026-06-11T15:33:05.573120,35947,127688,11,183
2026-06-11T15:36:39.705096,35948,127694,59,407
2026-06-11T15:40:19.405386,35949,127696,123,739
2026-06-11T15:43:51.742070,35949,127705,22,223
2026-06-11T15:47:24.541471,35949,127705,12,0
2026-06-11T15:50:58.240754,35951,127705,12,438
2026-06-11T15:54:36.032884,35952,127710,81,456
2026-06-11T15:58:08.760642,35952,127717,12,141
2026-06-11T16:01:41.744875,35952,127720,6,166
2026-06-11T16:05:23.512414,35953,127720,261,308
2026-06-11T16:09:00.941840,35954,127724,85,514
2026-06-11T16:12:38.448174,35955,127731,39,286
2026-06-11T16:16:17.178229,35960,127735,115,620
2026-06-11T16:19:49.844315,35960,127743,13,239
2026-06-11T16:23:22.804624,35960,127743,15,223
2026-06-11T16:26:55.539154,35961,127743,9,54
2026-06-11T16:30:28.377482,35961,127747,4,31
2026-06-11T16:34:09.894379,35962,127747,221,378
2026-06-11T16:39:02.708702,35963,127752,8864,57028
2026-06-11T16:41:25.374376,35964,128423,30,216
2026-06-11T16:45:03.223267,35965,128426,33,216
2026-06-11T16:48:41.182797,35966,128429,28,191
2026-06-11T16:52:14.397052,35966,128432,17,212
2026-06-11T16:55:47.361558,35967,128432,11,197
2026-06-11T16:59:24.406084,35968,128438,184,1014
2026-06-11T17:02:56.275943,35968,128468,7,84
2026-06-11T17:06:29.305950,35968,128468,8,132
2026-06-11T17:10:31.018252,35993,128468,2996,16080
2026-06-11T17:13:42.893576,35993,128704,14,443
2026-06-11T17:17:15.246234,35993,128704,13,186
2026-06-11T17:20:48.308797,35993,128704,10,176
2026-06-11T17:24:28.229645,35994,128704,36,282
2026-06-11T17:28:01.237622,35995,128708,17,167
2026-06-11T17:31:34.174201,35995,128710,10,171
2026-06-11T17:35:07.239235,35995,128710,8,137
2026-06-11T17:38:41.767642,35995,128715,56,200
2026-06-11T17:42:13.580810,35995,128715,17,193
2026-06-11T17:45:46.175356,35996,128715,29,0
2026-06-11T17:49:19.185150,35997,128715,20,0
2026-06-11T17:52:52.568222,35997,128715,11,283
2026-06-11T17:56:25.863205,35997,128715,12,365
2026-06-11T17:59:58.828319,35997,128715,15,413
2026-06-11T18:03:31.658668,35997,128715,16,275
2026-06-11T18:07:05.683881,35997,128719,49,404
2026-06-11T18:10:37.924439,35997,128719,21,456
2026-06-11T18:14:10.359641,35998,128719,37,0
2026-06-11T18:17:43.242712,35998,128719,9,1
2026-06-11T18:21:16.670718,35999,128719,29,256
2026-06-11T18:24:49.486362,35999,128722,12,234
2026-06-11T18:28:22.413660,36000,128722,12,154
2026-06-11T18:31:55.359957,36001,128726,9,80
2026-06-11T18:35:28.317816,36001,128729,6,82
2026-06-11T18:39:02.535355,36001,128729,35,456
2026-06-11T18:42:34.679993,36001,128729,13,233
2026-06-11T18:46:08.392853,36001,128729,12,536
2026-06-11T18:49:40.734489,36001,128729,13,319
2026-06-11T18:53:13.654780,36002,128729,35,158
2026-06-11T18:56:46.536589,36003,128731,12,156
2026-06-11T19:00:19.715440,36003,128733,15,217
2026-06-11T19:04:00.025735,36005,128733,58,250
2026-06-11T19:07:40.876831,36006,128741,224,248
2026-06-11T19:11:13.484265,36006,128744,19,166
2026-06-11T19:14:46.255737,36007,128744,10,162
2026-06-11T19:18:19.835438,36007,128746,16,376
2026-06-11T19:22:03.544302,36030,128746,586,3242
2026-06-11T19:25:32.222023,36031,128786,14,0
2026-06-11T19:29:05.172984,36031,128786,8,1
2026-06-11T19:32:38.529962,36032,128786,14,225
2026-06-11T19:39:44.363009,36033,128792,23,0
2026-06-11T19:43:26.960523,36034,128792,295,1661
2026-06-11T19:46:58.111843,36034,128815,17,232
2026-06-11T19:50:36.331769,36037,128815,80,329
2026-06-11T19:54:09.233766,36037,128819,12,238
2026-06-11T19:57:42.103628,36037,128819,9,135
2026-06-11T20:01:15.253796,36037,128819,16,162
2026-06-11T20:04:47.953298,36037,128822,5,69
2026-06-11T20:08:22.306805,36037,128822,60,295
2026-06-11T20:11:54.378536,36037,128822,15,259
2026-06-11T20:15:27.518220,36037,128822,20,394
2026-06-11T20:19:00.281929,36037,128822,15,121
2026-06-11T20:22:33.214922,36037,128822,12,150
2026-06-11T20:26:06.625951,36037,128822,12,283
2026-06-11T20:29:41.565719,36037,128822,15,2363
2026-06-11T20:33:12.332716,36037,128822,13,168
2026-06-11T20:36:45.332148,36037,128825,7,187
2026-06-11T20:40:19.316569,36037,128825,43,354
2026-06-11T20:43:51.784980,36037,128825,13,400
2026-06-11T20:47:24.382730,36037,128825,10,139
2026-06-11T20:50:57.396039,36037,128825,10,157
2026-06-11T20:54:30.745220,36037,128825,8,360
2026-06-11T20:58:03.537283,36037,128825,12,254
2026-06-11T21:01:36.377059,36037,128825,13,152
2026-06-11T21:05:09.373417,36037,128825,10,131
2026-06-11T21:08:43.138537,36037,128826,33,278
2026-06-11T21:12:15.707952,36037,128826,19,180
2026-06-11T21:15:48.789994,36037,128826,13,298
2026-06-11T21:19:21.597237,36037,128826,15,178
2026-06-11T21:22:54.902699,36037,128826,14,286
2026-06-11T21:26:28.107512,36037,128826,15,314
2026-06-11T21:30:00.617927,36037,128826,17,224
2026-06-11T21:33:33.822259,36037,128826,18,218
2026-06-11T21:37:06.894441,36037,128826,22,143
2026-06-11T21:40:40.320647,36037,128831,40,272
2026-06-11T21:44:13.291045,36037,128831,17,402
2026-06-11T21:47:45.981147,36037,128831,16,234
2026-06-11T21:51:18.691390,36037,128831,11,138
2026-06-11T21:54:51.735565,36037,128831,12,165
2026-06-11T21:58:24.924367,36037,128831,14,242
2026-06-11T22:01:58.002124,36037,128831,11,282
2026-06-11T22:05:30.890541,36037,128831,10,242
2026-06-11T22:09:03.771104,36037,128831,11,135
2026-06-11T22:12:40.103829,36037,128836,171,506
2026-06-11T22:16:10.125061,36037,128836,20,197
2026-06-11T22:19:43.007858,36037,128836,16,147
2026-06-11T22:23:16.124889,36037,128836,12,188
2026-06-11T22:26:49.055417,36037,128836,10,160
2026-06-11T22:30:22.124098,36037,128836,17,203
2026-06-11T22:33:55.118746,36037,128836,13,230
2026-06-11T22:37:28.144054,36037,128836,11,154
2026-06-11T22:41:01.035543,36037,128836,12,123
2026-06-11T22:44:35.458398,36037,128840,47,639
2026-06-11T22:48:08.108168,36037,128840,17,494
2026-06-11T22:51:40.195385,36037,128840,12,158
2026-06-11T22:55:13.309827,36037,128840,12,272
2026-06-11T22:58:46.147734,36037,128840,9,150
2026-06-11T23:02:19.178090,36037,128840,15,215
2026-06-11T23:05:52.238904,36037,128840,9,226
2026-06-11T23:09:25.473470,36037,128840,11,296
2026-06-11T23:12:58.365076,36037,128840,14,316
2026-06-11T23:16:33.140821,36037,128844,43,1173
2026-06-11T23:20:04.746024,36037,128844,22,314
2026-06-11T23:23:37.514727,36037,128844,19,119
2026-06-11T23:27:10.527618,36037,128844,16,155
2026-06-11T23:30:43.498477,36037,128844,18,246
2026-06-11T23:34:16.511899,36037,128844,12,314
2026-06-11T23:37:49.437418,36037,128844,11,212
2026-06-11T23:41:22.365445,36037,128844,11,164
2026-06-11T23:44:55.275940,36037,128844,12,138
2026-06-11T23:48:29.525477,36037,128849,37,355
2026-06-11T23:52:01.832983,36037,128849,20,249
2026-06-11T23:55:34.558153,36037,128849,13,231
2026-06-11T23:59:09.234264,36037,128849,30,276
2026-06-12T00:02:42.161778,36037,128849,17,228
2026-06-12T00:06:15.186677,36037,128849,14,244
2026-06-12T00:09:48.117806,36037,128849,16,129
2026-06-12T00:13:21.088071,36037,128849,15,197
2026-06-12T00:16:54.169648,36037,128849,15,247
2026-06-12T00:20:28.145079,36037,128853,24,312
2026-06-12T00:24:00.443395,36037,128853,21,223
2026-06-12T00:27:33.485192,36037,128853,17,195
2026-06-12T00:31:08.140601,36037,128853,1846,212
2026-06-12T00:34:39.328181,36037,128853,13,202
2026-06-12T00:38:12.512543,36037,128853,9,237
2026-06-12T00:41:45.507628,36037,128853,12,331
2026-06-12T00:45:18.439911,36037,128853,15,236
2026-06-12T00:48:51.360087,36037,128853,14,182
2026-06-12T00:52:28.025699,36037,128857,159,1009
2026-06-12T00:55:57.632107,36037,128857,22,163
2026-06-12T00:59:31.573411,36037,128857,26,513
2026-06-12T01:03:03.643434,36037,128857,10,161
2026-06-12T01:06:36.597347,36037,128857,9,142
2026-06-12T01:10:10.297173,36037,128857,20,523
2026-06-12T01:13:42.597605,36037,128857,12,135
2026-06-12T01:17:15.630056,36037,128857,12,223
2026-06-12T01:20:48.653545,36037,128857,13,211
2026-06-12T01:24:22.746747,36037,128861,48,387
2026-06-12T01:27:55.622078,36037,128861,44,341
2026-06-12T01:31:28.414285,36037,128861,25,324
2026-06-12T01:35:01.230795,36037,128861,20,299
2026-06-12T01:38:34.036601,36037,128861,14,242
2026-06-12T01:42:06.745249,36037,128861,11,146
2026-06-12T01:45:39.879914,36037,128861,15,174
2026-06-12T01:49:13.081093,36037,128861,15,237
2026-06-12T01:52:45.832944,36037,128861,12,227
2026-06-12T01:56:18.650694,36037,128865,5,77
2026-06-12T01:59:52.490251,36037,128865,32,246
2026-06-12T02:03:25.087520,36037,128865,20,304
2026-06-12T02:06:57.908473,36037,128865,13,142
2026-06-12T02:10:31.545042,36037,128865,15,418
2026-06-12T02:14:03.826634,36037,128865,11,146
2026-06-12T02:17:36.764511,36037,128865,7,101
2026-06-12T02:21:09.981667,36037,128865,13,205
2026-06-12T02:24:42.811377,36037,128865,12,111
2026-06-12T02:28:15.935091,36037,128868,9,242
2026-06-12T02:31:50.633715,36037,128868,77,393
2026-06-12T02:35:22.641007,36037,128868,31,284
2026-06-12T02:38:56.035067,36037,128868,22,485
2026-06-12T02:42:28.422057,36037,128868,15,333
2026-06-12T02:46:01.248620,36037,128868,12,222
2026-06-12T02:49:34.127990,36037,128868,10,156
2026-06-12T02:53:07.094408,36037,128868,19,141
2026-06-12T02:56:40.058692,36037,128868,16,118
2026-06-12T03:00:15.604719,36037,128871,31,2157
2026-06-12T03:03:46.236215,36037,128871,14,257
2026-06-12T03:07:19.809844,36037,128871,17,445
2026-06-12T03:10:52.521408,36037,128871,15,358
2026-06-12T03:14:25.420821,36037,128871,9,454
2026-06-12T03:17:58.253306,36037,128871,11,118
2026-06-12T03:21:31.216377,36037,128871,10,206
2026-06-12T03:25:04.486083,36037,128871,15,222
2026-06-12T03:28:38.605731,36037,128874,42,459
2026-06-12T03:32:10.312605,36037,128874,12,141
2026-06-12T03:35:43.689237,36037,128874,13,360
2026-06-12T03:39:16.288310,36037,128874,7,146
2026-06-12T03:42:51.609692,36037,128874,18,756
2026-06-12T03:46:22.338819,36037,128874,12,161
2026-06-12T03:49:55.235826,36037,128874,19,99
2026-06-12T03:53:28.383169,36037,128874,11,254
2026-06-12T03:57:01.397078,36037,128874,15,235
2026-06-12T04:00:35.241168,36037,128880,22,320
2026-06-12T04:04:07.414382,36037,128880,9,166
2026-06-12T04:07:40.446415,36037,128880,12,145
2026-06-12T04:11:13.516872,36037,128880,13,161
2026-06-12T04:14:46.572527,36037,128880,11,181
2026-06-12T04:18:19.533676,36037,128880,11,213
2026-06-12T04:21:52.556907,36037,128880,13,194
2026-06-12T04:25:26.000888,36037,128880,15,429
2026-06-12T04:28:58.462253,36037,128880,15,170
2026-06-12T04:32:32.432452,36037,128885,39,329
2026-06-12T04:36:04.662995,36037,128885,14,202
2026-06-12T04:39:37.616397,36037,128885,20,199
2026-06-12T04:43:10.435111,36037,128885,10,131
2026-06-12T04:46:43.407760,36037,128885,7,122
2026-06-12T04:50:16.643049,36037,128885,12,253
2026-06-12T04:53:49.457131,36037,128885,9,153
2026-06-12T04:57:22.548534,36037,128885,12,209
2026-06-12T05:00:55.358230,36037,128888,6,105
2026-06-12T05:04:29.355920,36037,128888,31,339
2026-06-12T05:08:01.726754,36037,128888,14,242
2026-06-12T05:11:34.492422,36037,128888,6,100
2026-06-12T05:15:07.585726,36037,128888,12,151
2026-06-12T05:18:40.631318,36037,128888,12,196
2026-06-12T05:22:13.953370,36037,128888,10,332
2026-06-12T05:25:46.565766,36037,128888,13,125
2026-06-12T05:29:19.626172,36037,128888,17,201
2026-06-12T05:32:53.228707,36037,128893,51,284
2026-06-12T05:36:25.942225,36037,128893,14,226
2026-06-12T05:39:59.493891,36037,128893,18,287
2026-06-12T05:43:31.710043,36037,128893,12,130
2026-06-12T05:47:04.733623,36037,128893,18,203
2026-06-12T05:50:37.843647,36037,128893,14,234
2026-06-12T05:54:10.763830,36037,128893,16,209
2026-06-12T05:57:43.755336,36037,128893,23,182
2026-06-12T06:01:16.763557,36037,128893,12,178
2026-06-12T06:04:50.766535,36037,128894,57,208
2026-06-12T06:08:24.141338,36037,128894,14,1384
2026-06-12T06:11:56.081667,36037,128894,15,274
2026-06-12T06:15:28.740399,36037,128894,12,111
2026-06-12T06:19:01.842653,36037,128894,15,169
2026-06-12T06:22:34.918367,36037,128894,11,156
2026-06-12T06:26:07.879177,36037,128894,10,153
2026-06-12T06:29:40.840133,36037,128894,11,136
2026-06-12T06:33:14.794420,36037,128898,60,426
2026-06-12T06:36:56.111358,36039,128898,224,1500
2026-06-12T06:40:27.434554,36039,128905,7,0
2026-06-12T06:44:00.108962,36039,128905,7,0
2026-06-12T06:47:33.424397,36040,128905,11,234
2026-06-12T06:51:07.152370,36040,128908,16,501
2026-06-12T06:54:39.172037,36040,128912,6,35
2026-06-12T06:58:16.384001,36041,128912,43,241
2026-06-12T07:01:50.370030,36041,128919,31,581
2026-06-12T07:05:29.707473,36042,128919,29,148
2026-06-12T07:09:08.255878,36046,128921,88,524
2026-06-12T07:12:41.137571,36046,128928,14,301
2026-06-12T07:16:14.535388,36046,128928,12,433
2026-06-12T07:19:47.339761,36046,128928,13,351
2026-06-12T07:23:20.327685,36046,128928,13,455
2026-06-12T07:26:53.389528,36046,128928,17,444
2026-06-12T07:30:27.406551,36046,128931,42,551
2026-06-12T07:33:59.964754,36046,128931,23,437
2026-06-12T07:37:31.819676,36047,128931,20,0
2026-06-12T07:41:05.511303,36047,128931,7,368
2026-06-12T07:44:38.284380,36047,128931,11,299
2026-06-12T07:48:11.720721,36047,128931,13,583
2026-06-12T07:51:44.456470,36047,128931,11,410
2026-06-12T07:55:17.481422,36047,128931,14,419
2026-06-12T07:58:51.221253,36047,128935,40,417
2026-06-12T08:02:23.620032,36047,128935,15,424
2026-06-12T08:05:56.467080,36047,128935,15,331
2026-06-12T08:09:29.521143,36047,128935,10,377
2026-06-12T08:13:02.657623,36047,128935,12,412
2026-06-12T08:16:35.615458,36047,128935,12,381
2026-06-12T08:20:08.674818,36047,128935,19,524
2026-06-12T08:23:41.622384,36047,128935,12,481
2026-06-12T08:27:15.700868,36047,128935,43,637
